39ca49c4-5fd2-11e2-8963-0026b9414f30;Echobelly;39ca49d8-5fd2-11e2-8963-0026b9414f30;4320;9
ca276da6-2c07-11e3-8a73-0026b9414f30;Echosmith;ca276db0-2c07-11e3-8a73-0026b9414f30;15238;9
c9c999d8-26d6-11e7-bffd-a4badb20dab5;Ed Martin;c9d9df82-26d6-11e7-bffd-a4badb20dab5;37189;9
7bf081d0-c681-11e3-9765-0026b9414f30;Ed Thomas;7bf081e4-c681-11e3-9765-0026b9414f30;18084;9
a2cc3930-87b6-11e7-9a25-a4badb20dab5;Edu Porto;a2d0e9ee-87b6-11e7-9a25-a4badb20dab5;38568;9
3a042072-5fd2-11e2-8963-0026b9414f30;Efstathia;3a042086-5fd2-11e2-8963-0026b9414f30;26181;9
331c7606-61ad-11e7-9a25-a4badb20dab5;Egopusher;332185ec-61ad-11e7-9a25-a4badb20dab5;37977;9
3a0c4022-5fd2-11e2-8963-0026b9414f30;Egotrippi;3a0c402c-5fd2-11e2-8963-0026b9414f30;2692;9
b723e43c-2c07-11e3-8a73-0026b9414f30;Eiffel 65;b723e446-2c07-11e3-8a73-0026b9414f30;19869;9
39e798f8-5fd2-11e2-8963-0026b9414f30;Eisheilig;39e79902-5fd2-11e2-8963-0026b9414f30;4356;9
ee3dcef0-4f78-11e6-bffd-a4badb20dab5;Ekat Bork;ee3e2026-4f78-11e6-bffd-a4badb20dab5;34037;9
be5d4126-2c07-11e3-8a73-0026b9414f30;Eko Fresh;be5d4130-2c07-11e3-8a73-0026b9414f30;5923;9
b7679998-2c07-11e3-8a73-0026b9414f30;El Barrio;b76799a2-2c07-11e3-8a73-0026b9414f30;33196;9
c9b5d07e-2c07-11e3-8a73-0026b9414f30;El Bebeto;c9b5d088-2c07-11e3-8a73-0026b9414f30;35436;9
39f46024-5fd2-11e2-8963-0026b9414f30;El Chombo;39f46038-5fd2-11e2-8963-0026b9414f30;4903;9
1c93a034-5686-11e3-984c-0026b9414f30;El Drogas;1c93a048-5686-11e3-984c-0026b9414f30;37668;9
3a0b60b2-5fd2-11e2-8963-0026b9414f30;El Medico;3a0b60bc-5fd2-11e2-8963-0026b9414f30;4478;9
452cc5c6-970e-11e7-9a25-a4badb20dab5;El Mukuka;45434490-970e-11e7-9a25-a4badb20dab5;38798;9
2de3d99c-1de6-11e6-bffd-a4badb20dab5;Eldoradio;2de62954-1de6-11e6-bffd-a4badb20dab5;33160;9
39f5c2ac-5fd2-11e2-8963-0026b9414f30;Elemeno P;39f5c2b6-5fd2-11e2-8963-0026b9414f30;9248;9
bd6d6368-2c07-11e3-8a73-0026b9414f30;Elemental;bd6d6372-2c07-11e3-8a73-0026b9414f30;12940;9
3a2ea388-5fd2-11e2-8963-0026b9414f30;Ell/Nikki;3a2ea392-5fd2-11e2-8963-0026b9414f30;25136;9
4e1796be-538f-11e3-984c-0026b9414f30;Ella Eyre;4e1796d2-538f-11e3-984c-0026b9414f30;16881;9
c9c71cb2-2c07-11e3-8a73-0026b9414f30;Elle King;c9c71cbc-2c07-11e3-8a73-0026b9414f30;13948;9
150afefe-4b93-11e4-bd9d-a4badb20dab5;Elliphant;ca1e3075-2c07-11e3-8a73-0026b9414f30;19359;9
c89c54f0-57be-11e3-984c-0026b9414f30;Emil Heró;c89c5504-57be-11e3-984c-0026b9414f30;16872;9
3a131622-5fd2-11e2-8963-0026b9414f30;Emme Wong;3a13162c-5fd2-11e2-8963-0026b9414f30;27752;9
c13250a8-2c07-11e3-8a73-0026b9414f30;Engerling;c13250b2-2c07-11e3-8a73-0026b9414f30;21669;9
39f7359c-5fd2-11e2-8963-0026b9414f30;Ensiferum;39f735a6-5fd2-11e2-8963-0026b9414f30;4358;9
baaf1626-2c07-11e3-8a73-0026b9414f30;Enzo Enzo;baaf1630-2c07-11e3-8a73-0026b9414f30;25783;9
3a33ed70-5fd2-11e2-8963-0026b9414f30;Erena Ono;3a33ed7a-5fd2-11e2-8963-0026b9414f30;24277;9
3a0cd82a-5fd2-11e2-8963-0026b9414f30;Eric Chen;3a0cd834-5fd2-11e2-8963-0026b9414f30;26077;9
39f11be4-5fd2-11e2-8963-0026b9414f30;Eric Gadd;39f11bee-5fd2-11e2-8963-0026b9414f30;8945;9
c9f16e2c-2c07-11e3-8a73-0026b9414f30;Erik Rapp;c9f16e36-2c07-11e3-8a73-0026b9414f30;35935;9
445d6940-2941-11e4-b48f-0026b9414f30;Esin Iris;445d694a-2941-11e4-b48f-0026b9414f30;22893;9
c897dd18-2c07-11e3-8a73-0026b9414f30;Esperanza;c897dd22-2c07-11e3-8a73-0026b9414f30;22258;9
650ccd24-bd4c-11e6-bffd-a4badb20dab5;Evan Klar;650ee064-bd4c-11e6-bffd-a4badb20dab5;37271;9
c6195ee0-2c07-11e3-8a73-0026b9414f30;Everfound;c6195eea-2c07-11e3-8a73-0026b9414f30;16374;9
3a320ac8-5fd2-11e2-8963-0026b9414f30;EverYoung;3a320ad2-5fd2-11e2-8963-0026b9414f30;11050;9
c4f7a3d2-2c07-11e3-8a73-0026b9414f30;Exclusive;c4f7a3dc-2c07-11e3-8a73-0026b9414f30;20198;9
39cbe95a-5fd2-11e2-8963-0026b9414f30;Faithless;39cbe964-5fd2-11e2-8963-0026b9414f30;501;9
1c65f6ec-15ac-11e6-bffd-a4badb20dab5;Fake Idea;1c7f0286-15ac-11e6-bffd-a4badb20dab5;32984;9
b6e2641c-2c07-11e3-8a73-0026b9414f30;Father MC;b6e26426-2c07-11e3-8a73-0026b9414f30;36405;9
aba47100-8450-11e5-bd9d-a4badb20dab5;Fatherson;aba924de-8450-11e5-bd9d-a4badb20dab5;30632;9
39f0b118-5fd2-11e2-8963-0026b9414f30;Faye Wong;39f0b122-5fd2-11e2-8963-0026b9414f30;8207;9
b8a10cc2-2c07-11e3-8a73-0026b9414f30;Fermin IV;b8a10ccc-2c07-11e3-8a73-0026b9414f30;38196;9
697b4cb0-c89c-11e4-bd9d-a4badb20dab5;Fetty Wap;49952abe-7d48-11e4-93aa-0026b9414f30;20258;9
b7795aae-dc80-11e4-bd9d-a4badb20dab5;Feuerherz;b77a2f1a-dc80-11e4-bd9d-a4badb20dab5;21105;9
3a1a47b2-5fd2-11e2-8963-0026b9414f30;Fever Ray;3a1a47bc-5fd2-11e2-8963-0026b9414f30;5935;9
39fbe11e-5fd2-11e2-8963-0026b9414f30;Fightstar;39fbe128-5fd2-11e2-8963-0026b9414f30;6090;9
39fd0b5c-5fd2-11e2-8963-0026b9414f30;Figurines;39fd0b66-5fd2-11e2-8963-0026b9414f30;22821;9
3a038d10-5fd2-11e2-8963-0026b9414f30;Fiona Sit;3a038d1a-5fd2-11e2-8963-0026b9414f30;12169;9
c2235502-2c07-11e3-8a73-0026b9414f30;Fire Ball;c223550c-2c07-11e3-8a73-0026b9414f30;21078;9
39d2b5a0-5fd2-11e2-8963-0026b9414f30;Firehouse;39d2b5a1-5fd2-11e2-8963-0026b9414f30;1867;9
b6e2ba98-2c07-11e3-8a73-0026b9414f30;Fischer-Z;b6e2baa2-2c07-11e3-8a73-0026b9414f30;36595;9
467fc93a-073f-11e4-bd0a-0026b9414f30;FKA Twigs;467fc958-073f-11e4-bd0a-0026b9414f30;19243;9
3a22b302-5fd2-11e2-8963-0026b9414f30;Flashguns;3a22b30c-5fd2-11e2-8963-0026b9414f30;6059;9
b6fbacc4-2c07-11e3-8a73-0026b9414f30;Flight 16;b6fbacce-2c07-11e3-8a73-0026b9414f30;4209;9
5c241546-c659-11e4-bd9d-a4badb20dab5;Flitcraft;5c26c4da-c659-11e4-bd9d-a4badb20dab5;22586;9
3a103d9e-5fd2-11e2-8963-0026b9414f30;For Today;3a103da8-5fd2-11e2-8963-0026b9414f30;12391;9
b6e326b8-2c07-11e3-8a73-0026b9414f30;Forbidden;b6e326c2-2c07-11e3-8a73-0026b9414f30;32546;9
3d74b814-7f97-11e6-bffd-a4badb20dab5;Force One;3d794212-7f97-11e6-bffd-a4badb20dab5;34497;9
b6e33e14-2c07-11e3-8a73-0026b9414f30;Foreigner;b6e33e1e-2c07-11e3-8a73-0026b9414f30;10332;9
c05c69c0-2c07-11e3-8a73-0026b9414f30;Formation;c05c69ca-2c07-11e3-8a73-0026b9414f30;31008;9
fc83ad36-96f8-11e2-8a73-0026b9414f30;Forrocatu;fc83ad4a-96f8-11e2-8a73-0026b9414f30;23324;9
d9c01b92-dcdc-11e3-9765-0026b9414f30;Fort Hope;d9c01b9c-dcdc-11e3-9765-0026b9414f30;33015;9
c9c1b81c-2c07-11e3-8a73-0026b9414f30;Fort Lean;c9c1b826-2c07-11e3-8a73-0026b9414f30;29457;9
39e95968-5fd2-11e2-8963-0026b9414f30;Frankie J;47715cf0-4bdc-11e4-bd9d-a4badb20dab5;1428;9
bc589ede-2c07-11e3-8a73-0026b9414f30;Frans Bak;bc589ee8-2c07-11e3-8a73-0026b9414f30;35751;9
bceae55a-2c07-11e3-8a73-0026b9414f30;Fredwreck;bceae564-2c07-11e3-8a73-0026b9414f30;38597;9
39e75802-5fd2-11e2-8963-0026b9414f30;Freezepop;39e7580c-5fd2-11e2-8963-0026b9414f30;4419;9
9265ee3c-c1ea-11e3-9765-0026b9414f30;Frk. Fryd;9265ee50-c1ea-11e3-9765-0026b9414f30;18002;9
b6e398fa-2c07-11e3-8a73-0026b9414f30;Front 242;b6e39904-2c07-11e3-8a73-0026b9414f30;33780;9
6410f542-78e9-11e5-bd9d-a4badb20dab5;FRONTEERS;641875b0-78e9-11e5-bd9d-a4badb20dab5;29510;9
39e7ff78-5fd2-11e2-8963-0026b9414f30;Frou Frou;39e7ff82-5fd2-11e2-8963-0026b9414f30;5982;9
66de1cf6-6f06-11e5-bd9d-a4badb20dab5;Gaaye Jaa;67412a6c-6f06-11e5-bd9d-a4badb20dab5;29496;9
b74b3cbc-2c07-11e3-8a73-0026b9414f30;Gabrielle;39f99a44-5fd2-11e2-8963-0026b9414f30;2822;9
c9e9a71e-2c07-11e3-8a73-0026b9414f30;Gaël Faye;c9e9a728-2c07-11e3-8a73-0026b9414f30;15811;9
1cd85a84-d86d-11e4-bd9d-a4badb20dab5;Gana Bala;1cdc312c-d86d-11e4-bd9d-a4badb20dab5;21896;9
c1f010b6-2c07-11e3-8a73-0026b9414f30;Gary Caos;c1f010c0-2c07-11e3-8a73-0026b9414f30;15747;9
30f15bc4-f894-11e3-bd0a-0026b9414f30;Gary Fico;30f15bce-f894-11e3-bd0a-0026b9414f30;18726;9
39d32ad0-5fd2-11e2-8963-0026b9414f30;Gary Hoey;39d32ada-5fd2-11e2-8963-0026b9414f30;257;9
39f07b1c-5fd2-11e2-8963-0026b9414f30;Gary Kemp;39f07b1d-5fd2-11e2-8963-0026b9414f30;6396;9
14dd7d30-086d-11e4-bd0a-0026b9414f30;Gemeliers;14dd7d3a-086d-11e4-bd0a-0026b9414f30;34823;9
557bab4e-4df0-11e6-bffd-a4badb20dab5;Giabiconi;557f8c32-4df0-11e6-bffd-a4badb20dab5;34019;9
f252ce8a-d031-11e5-bffd-a4badb20dab5;Giocatori;f25e22a8-d031-11e5-bffd-a4badb20dab5;31686;9
3a026b2e-5fd2-11e2-8963-0026b9414f30;Glasvegas;3a026b38-5fd2-11e2-8963-0026b9414f30;2543;9
3a2324e0-5fd2-11e2-8963-0026b9414f30;Glee Cast;c77a08ca-2c07-11e3-8a73-0026b9414f30;7563;9
39e2a01e-5fd2-11e2-8963-0026b9414f30;Gluecifer;39e2a01f-5fd2-11e2-8963-0026b9414f30;4026;9
ca367634-2c07-11e3-8a73-0026b9414f30;Glutamine;ca36763e-2c07-11e3-8a73-0026b9414f30;34657;9
c8f9f4e4-2c07-11e3-8a73-0026b9414f30;GoGo Star;c8f9f4ee-2c07-11e3-8a73-0026b9414f30;23883;9
b7b4cc5e-2c07-11e3-8a73-0026b9414f30;Gold City;b7b4cc68-2c07-11e3-8a73-0026b9414f30;24537;9
39e340aa-5fd2-11e2-8963-0026b9414f30;Goldfrapp;39e340b4-5fd2-11e2-8963-0026b9414f30;718;9
c6a670aa-58d2-11e6-bffd-a4badb20dab5;Goldregen;c6a6d496-58d2-11e6-bffd-a4badb20dab5;34153;9
0ff66f2a-5343-11e6-bffd-a4badb20dab5;Goldroger;0ffae5fa-5343-11e6-bffd-a4badb20dab5;34848;9
3a13c4f0-5fd2-11e2-8963-0026b9414f30;GoodBooks;3a13c4fa-5fd2-11e2-8963-0026b9414f30;2537;9
b0f4ef8a-c6d9-11e3-9765-0026b9414f30;Grandjean;b0f4ef94-c6d9-11e3-9765-0026b9414f30;18475;9
bf8253b6-2c07-11e3-8a73-0026b9414f30;Granville;bf8253c0-2c07-11e3-8a73-0026b9414f30;28589;9
c42587c6-2c07-11e3-8a73-0026b9414f30;Grasu XXL;c42587d0-2c07-11e3-8a73-0026b9414f30;12977;9
39f82736-5fd2-11e2-8963-0026b9414f30;Gratitude;39f82740-5fd2-11e2-8963-0026b9414f30;4625;9
39e79826-5fd2-11e2-8963-0026b9414f30;Graveworm;39e79827-5fd2-11e2-8963-0026b9414f30;7255;9
c7b6cc7e-2c07-11e3-8a73-0026b9414f30;Grayscale;c7b6cc88-2c07-11e3-8a73-0026b9414f30;37495;9
39cda70e-5fd2-11e2-8963-0026b9414f30;Green Day;39cda718-5fd2-11e2-8963-0026b9414f30;624;9
c2af2208-2c07-11e3-8a73-0026b9414f30;Greg Kozo;c2af2212-2c07-11e3-8a73-0026b9414f30;33605;9
1aa94eb6-4224-11e3-a945-0026b9414f30;Greg Porn;1aa94ec0-4224-11e3-a945-0026b9414f30;23830;9
39e721ac-5fd2-11e2-8963-0026b9414f30;Gregorian;39e721b6-5fd2-11e2-8963-0026b9414f30;13084;9
3a295f90-5fd2-11e2-8963-0026b9414f30;Grey Area;3a295f91-5fd2-11e2-8963-0026b9414f30;4747;9
39dff53a-5fd2-11e2-8963-0026b9414f30;Grinspoon;39dff544-5fd2-11e2-8963-0026b9414f30;9113;9
c5d1f406-2c07-11e3-8a73-0026b9414f30;Guenta K.;c5d1f410-2c07-11e3-8a73-0026b9414f30;19389;9
c4ad7898-2c07-11e3-8a73-0026b9414f30;Guess Who;c4ad7899-2c07-11e3-8a73-0026b9414f30;8760;9
c99a8b8e-2c07-11e3-8a73-0026b9414f30;Guinevere;c99a8b98-2c07-11e3-8a73-0026b9414f30;14742;9
3a29e820-5fd2-11e2-8963-0026b9414f30;Guitarman;3a29e82a-5fd2-11e2-8963-0026b9414f30;7613;9
d5e51e5e-4fb8-11e6-bffd-a4badb20dab5;Gulddreng;d5e5ba80-4fb8-11e6-bffd-a4badb20dab5;34041;9
25056494-7155-11e7-9a25-a4badb20dab5;Gurukiran;2512c4a4-7155-11e7-9a25-a4badb20dab5;38372;9
39e783a4-5fd2-11e2-8963-0026b9414f30;Halestorm;39e783ae-5fd2-11e2-8963-0026b9414f30;10671;9
3a208d0c-5fd2-11e2-8963-0026b9414f30;hana*hana;3a208d16-5fd2-11e2-8963-0026b9414f30;25084;9
39fd9720-5fd2-11e2-8963-0026b9414f30;Happiness;39fd972a-5fd2-11e2-8963-0026b9414f30;24110;9
bee3a892-2c07-11e3-8a73-0026b9414f30;Hard Kaur;bee3a89c-2c07-11e3-8a73-0026b9414f30;38486;9
3a25cb00-5fd2-11e2-8963-0026b9414f30;Hardyboyz;3a25cb0a-5fd2-11e2-8963-0026b9414f30;6621;9
39e5c3f2-5fd2-11e2-8963-0026b9414f30;Hariharan;39e5c3fc-5fd2-11e2-8963-0026b9414f30;12762;9
8423dc94-5924-11e5-bd9d-a4badb20dab5;Harikumar;842a7c0c-5924-11e5-bd9d-a4badb20dab5;21470;9
39f29762-5fd2-11e2-8963-0026b9414f30;Harlem Yu;39f2976c-5fd2-11e2-8963-0026b9414f30;23853;9
3a136d66-5fd2-11e2-8963-0026b9414f30;Hausmarke;3a136d70-5fd2-11e2-8963-0026b9414f30;2402;9
b7fa7150-2c07-11e3-8a73-0026b9414f30;Heartbeat;b7fa715a-2c07-11e3-8a73-0026b9414f30;20421;9
39d303b6-5fd2-11e2-8963-0026b9414f30;Heaven 17;39d303c0-5fd2-11e2-8963-0026b9414f30;8053;9
6cca0834-aafc-11e3-bb62-0026b9414f30;Hedegaard;6cca0848-aafc-11e3-bb62-0026b9414f30;19475;9
66e028f2-6f06-11e5-bd9d-a4badb20dab5;Henri PFR;6741316a-6f06-11e5-bd9d-a4badb20dab5;32479;9
bee1a3ee-2c07-11e3-8a73-0026b9414f30;Hermitude;bee1a3f8-2c07-11e3-8a73-0026b9414f30;20659;9
b74b2204-2c07-11e3-8a73-0026b9414f30;Hexstatic;b74b220e-2c07-11e3-8a73-0026b9414f30;33785;9
84b98466-1ad8-11e7-bffd-a4badb20dab5;Hifi Sean;84be2c6e-1ad8-11e7-bffd-a4badb20dab5;37699;9
bb1ad29e-2c07-11e3-8a73-0026b9414f30;Highlight;bb1ad2a8-2c07-11e3-8a73-0026b9414f30;38801;9
39df4afe-5fd2-11e2-8963-0026b9414f30;Hiroshima;39df4b08-5fd2-11e2-8963-0026b9414f30;1744;9
bf099d5e-2c07-11e3-8a73-0026b9414f30;Holy F***;bf099d68-2c07-11e3-8a73-0026b9414f30;30215;9
ca2e4464-2c07-11e3-8a73-0026b9414f30;holychild;ca2e446e-2c07-11e3-8a73-0026b9414f30;21181;9
c59cb5c0-2c07-11e3-8a73-0026b9414f30;Hooka Hey;c59cb5ca-2c07-11e3-8a73-0026b9414f30;28205;9
b7be231c-2c07-11e3-8a73-0026b9414f30;Hooligans;b7be2326-2c07-11e3-8a73-0026b9414f30;25316;9
320809be-5fc0-11e6-bffd-a4badb20dab5;Hot Spoke;320ae60c-5fc0-11e6-bffd-a4badb20dab5;34699;9
b76f2898-2c07-11e3-8a73-0026b9414f30;Hue & Cry;b76f28a2-2c07-11e3-8a73-0026b9414f30;38526;9
c8dba3c2-2c07-11e3-8a73-0026b9414f30;Huoratron;c8dba3cc-2c07-11e3-8a73-0026b9414f30;23592;9
c6691c8c-2c07-11e3-8a73-0026b9414f30;I Am Finn;c6691c96-2c07-11e3-8a73-0026b9414f30;4316;9
f39cf8a0-4867-11e3-984c-0026b9414f30;I Am King;f39cf8aa-4867-11e3-984c-0026b9414f30;24045;9
3a31d0da-5fd2-11e2-8963-0026b9414f30;I Moderni;3a31d0db-5fd2-11e2-8963-0026b9414f30;12441;9
b342f32c-cbbf-11e4-bd9d-a4badb20dab5;iamAURORA;b3482dc4-cbbf-11e4-bd9d-a4badb20dab5;21993;9
39f75086-5fd2-11e2-8963-0026b9414f30;Icey Jaye;39f75087-5fd2-11e2-8963-0026b9414f30;26084;9
3a0bfab8-5fd2-11e2-8963-0026b9414f30;Ich Troje;3a0bfac2-5fd2-11e2-8963-0026b9414f30;12047;9
3a2fccc2-5fd2-11e2-8963-0026b9414f30;Icona Pop;3a2fcccc-5fd2-11e2-8963-0026b9414f30;12649;9
c95aa1cc-2c07-11e3-8a73-0026b9414f30;Ida Redig;c95aa1d6-2c07-11e3-8a73-0026b9414f30;15035;9
bfb9fbf4-2c07-11e3-8a73-0026b9414f30;Idle Sons;bfb9fbfe-2c07-11e3-8a73-0026b9414f30;34119;9
c161101e-2c07-11e3-8a73-0026b9414f30;Ihmepoika;c1611028-2c07-11e3-8a73-0026b9414f30;3828;9
3a0a83d6-5fd2-11e2-8963-0026b9414f30;Il Nucleo;3a0a83e0-5fd2-11e2-8963-0026b9414f30;4222;9
bab186ae-2c07-11e3-8a73-0026b9414f30;Ilayaraja;bab186b8-2c07-11e3-8a73-0026b9414f30;15318;9
c6c6ccd8-2c07-11e3-8a73-0026b9414f30;Immediate;c6c6cce2-2c07-11e3-8a73-0026b9414f30;31638;9
50243ff2-a0b8-11e5-bd9d-a4badb20dab5;Imminence;50289d7c-a0b8-11e5-bd9d-a4badb20dab5;31030;9
39eff548-5fd2-11e2-8963-0026b9414f30;Imperanon;39eff552-5fd2-11e2-8963-0026b9414f30;7267;9
bc14cad8-2c07-11e3-8a73-0026b9414f30;Imperials;bc14cae2-2c07-11e3-8a73-0026b9414f30;29470;9
bbfdf16e-2c07-11e3-8a73-0026b9414f30;Inaya Day;bbfdf16f-2c07-11e3-8a73-0026b9414f30;30998;9
39df4bd0-5fd2-11e2-8963-0026b9414f30;Incognito;39df4bd1-5fd2-11e2-8963-0026b9414f30;9047;9
39f1eab0-5fd2-11e2-8963-0026b9414f30;Indochine;39f1eaba-5fd2-11e2-8963-0026b9414f30;3190;9
b6e6bdfa-2c07-11e3-8a73-0026b9414f30;Innocence;b6e6be04-2c07-11e3-8a73-0026b9414f30;13662;9
3a175890-5fd2-11e2-8963-0026b9414f30;Innovataz;3a17589a-5fd2-11e2-8963-0026b9414f30;9166;9
39e80806-5fd2-11e2-8963-0026b9414f30;Insomnium;39e80810-5fd2-11e2-8963-0026b9414f30;10650;9
39cc6a56-5fd2-11e2-8963-0026b9414f30;Integrity;39cc6a60-5fd2-11e2-8963-0026b9414f30;4752;9
b72c2458-2c07-11e3-8a73-0026b9414f30;Intocable;b72c2462-2c07-11e3-8a73-0026b9414f30;32836;9
165f8e24-9c67-11e6-bffd-a4badb20dab5;Ira Atari;1660a2d2-9c67-11e6-bffd-a4badb20dab5;35030;9
3a0d37b6-5fd2-11e2-8963-0026b9414f30;Irwansyah;3a0d37c0-5fd2-11e2-8963-0026b9414f30;12854;9
b99208a2-2c07-11e3-8a73-0026b9414f30;Ivan Kral;b99208ac-2c07-11e3-8a73-0026b9414f30;3747;9
ca5367a8-2c07-11e3-8a73-0026b9414f30;Ivy Levan;ca5367b2-2c07-11e3-8a73-0026b9414f30;21737;9
88160b16-4bcd-11e4-b48f-0026b9414f30;J Alvarez;0cbee024-e749-11e4-bd9d-a4badb20dab5;21498;9
a9111478-0f4f-11e5-bd9d-a4badb20dab5;Jack Pack;a911c328-0f4f-11e5-bd9d-a4badb20dab5;20762;9
02e06598-6109-11e5-bd9d-a4badb20dab5;Jacky Zhu;02e664e8-6109-11e5-bd9d-a4badb20dab5;28211;9
8c03bb42-8c5c-11e2-8a73-0026b9414f30;Jadagrace;8c03bb56-8c5c-11e2-8a73-0026b9414f30;26195;9
4c72714c-631e-11e7-9a25-a4badb20dab5;Jade Bird;4c7fe020-631e-11e7-9a25-a4badb20dab5;38553;9
c56fdbb8-2c07-11e3-8a73-0026b9414f30;Jade Kwan;c56fdbc2-2c07-11e3-8a73-0026b9414f30;27745;9
c903118c-2c07-11e3-8a73-0026b9414f30;Jai Walia;c9031196-2c07-11e3-8a73-0026b9414f30;21265;9
3a31993a-5fd2-11e2-8963-0026b9414f30;Jake Bugg;3a319944-5fd2-11e2-8963-0026b9414f30;11634;9
b7b49e6e-2c07-11e3-8a73-0026b9414f30;Jake Hess;b7b49e78-2c07-11e3-8a73-0026b9414f30;24483;9
3a131546-5fd2-11e2-8963-0026b9414f30;Jam Hsiao;3a131550-5fd2-11e2-8963-0026b9414f30;15143;9
ca47a332-2c07-11e3-8a73-0026b9414f30;James Bay;ca47a33c-2c07-11e3-8a73-0026b9414f30;19687;9
f2d6cc50-245c-11e7-bffd-a4badb20dab5;Janie Bay;f2df3ea8-245c-11e7-bffd-a4badb20dab5;37868;9
3a339226-5fd2-11e2-8963-0026b9414f30;Jannika B;3a339227-5fd2-11e2-8963-0026b9414f30;23916;9
3a2cc496-5fd2-11e2-8963-0026b9414f30;Jasmine V;3a2cc4a0-5fd2-11e2-8963-0026b9414f30;21799;9
3a03f76e-5fd2-11e2-8963-0026b9414f30;Javed Ali;3a03f778-5fd2-11e2-8963-0026b9414f30;7235;9
3a2a0fd0-5fd2-11e2-8963-0026b9414f30;Javi Mula;3a2a0fda-5fd2-11e2-8963-0026b9414f30;25060;9
da1cd1c8-2d5b-11e4-b48f-0026b9414f30;Jax Jones;da1cd1dc-2d5b-11e4-b48f-0026b9414f30;19358;9
c9f96db6-2c07-11e3-8a73-0026b9414f30;Jayme Dee;c9f96dc0-2c07-11e3-8a73-0026b9414f30;24456;9
39f18b88-5fd2-11e2-8963-0026b9414f30;Jazze Pha;39f18b92-5fd2-11e2-8963-0026b9414f30;12933;9
6dd0c2bc-0cf0-11e4-bd0a-0026b9414f30;JC Regino;6dd0c2c6-0cf0-11e4-bd0a-0026b9414f30;23154;9
4b7f8e5c-d52f-11e4-bd9d-a4badb20dab5;JD Samson;4b838124-d52f-11e4-bd9d-a4badb20dab5;28786;9
39e8438e-5fd2-11e2-8963-0026b9414f30;Jean Grae;39e84398-5fd2-11e2-8963-0026b9414f30;5157;9
c07aa35e-2c07-11e3-8a73-0026b9414f30;Jean Roch;c07aa35f-2c07-11e3-8a73-0026b9414f30;21636;9
3a2f4d6a-5fd2-11e2-8963-0026b9414f30;Jean-Roch;3a2f4d74-5fd2-11e2-8963-0026b9414f30;10021;9
2577b708-0427-11e5-bd9d-a4badb20dab5;Jeci-Jess;257a882a-0427-11e5-bd9d-a4badb20dab5;22148;9
39d129e2-5fd2-11e2-8963-0026b9414f30;Jeff Beck;39d129ec-5fd2-11e2-8963-0026b9414f30;11307;9
b6e81376-2c07-11e3-8a73-0026b9414f30;Jellyfish;b6e81380-2c07-11e3-8a73-0026b9414f30;11670;9
c771bd78-2c07-11e3-8a73-0026b9414f30;Jencarlos;c771bd82-2c07-11e3-8a73-0026b9414f30;33268;9
3f9a9764-1fba-11e5-bd9d-a4badb20dab5;Jennie A.;3f9b5690-1fba-11e5-bd9d-a4badb20dab5;31092;9
6b17496a-dfa5-11e3-9765-0026b9414f30;Jens Hult;6b174974-dfa5-11e3-9765-0026b9414f30;22015;9
913f99ce-6987-11e3-984c-0026b9414f30;Jeremy Ji;913f99e2-6987-11e3-984c-0026b9414f30;23280;9
3a1d999e-5fd2-11e2-8963-0026b9414f30;Jerry Yen;3a1d99a8-5fd2-11e2-8963-0026b9414f30;25923;9